SO_line,CustomerNo,SalesOrderNo,CustomerName,LineKey,ItemCode,ItemCodeDesc,SO Header,PROM DATE,UDF_MATERIALS_CLEAR_DATE,EXP DATE,Exp DATE,Qty,QuantityShipped,UnitPrice,Production Notes,QtyOnHand,RMANumber,DropShip,Comments
0016053_000001,IBM,0016053,IBM,000001,198500001262-00,"IBM 16GB DDR4-2666, ECC, DIMM",3/29/2021,3/29/2021,3/29/2021,4/5/2021,4/5/2021,60,0,111,"PSP - rto, IBM CELL, NS - IBM",0,,00,8290 Memory?  IS THIS CORRECT?
0016479_000001,ECRIN,0016479,Ecrin Systems,000001,26-504590-001,"8GB DDR4-2400 DIMM, Reg., ECC,",4/2/2021,4/2/2021,3/29/2021,4/5/2021,4/5/2021,4,0,146,PSP NS (SOH 4/2/2021),285,,00,"QA, WIP, KITTING"
0016479_000002,ECRIN,0016479,Ecrin Systems,000002,92-822803800000,HDB8228-CST,4/2/2021,4/2/2021,3/29/2021,4/5/2021,4/5/2021,2,0,722,PSP NS (SOH 4/2/2021),0,,00,"QA, WIP, KITTING"
0016479_000003,ECRIN,0016479,Ecrin Systems,000003,26-504590-003,"32GB DDR4-2400 DIMM, Reg., ECC",4/2/2021,4/2/2021,3/29/2021,4/5/2021,4/5/2021,8,0,428,PSP NS (SOH 4/2/2021),23,,00,"QA, WIP, KITTING"
0016479_000005,ECRIN,0016479,Ecrin Systems,000005,92-8225207C017A,"HEP E5-2680v4, IPMI, 14CHT 2.4",4/2/2021,4/2/2021,3/29/2021,4/5/2021,4/5/2021,2,0,5337,"PSP 26-004846-486, 13-508218-000, 26-000263-093 4 stk, DP WA 2/10 (SOH 4/2/2021)",0,,00,"QA, KITTING, IPMI REWORK"
0016611_000001,CAPTECG,0016611,Captec Ltd,000001,92-815000900000,BPG8150-CSC,4/13/2021,4/13/2021,3/17/2021,4/7/2021,4/7/2021,1,0,936,"PSP - rto , NS",2,,00,"QA, WIP, , KITTING"
0016484_000002,ELESIA,0016484,Elesia S.p.A.,000002,262500001673-01,"TRC3001 3U, MB (No GPU)",4/9/2021,4/9/2021,4/1/2021,4/8/2021,4/8/2021,1,0,5405,PSP NS (SOH 4/9/2021),1,,00,"QA, BURN-IN, WIP, KITTING"
0016508_000001,CORPCOM,0016508,Corporate Computer Centers,000001,262500004222-00,TRC5004 BXT7059 8032 1200W,4/8/2021,2/18/2021,4/1/2021,4/8/2021,4/8/2021,2,0,12650,"PSP 264500001400-00, 92-507059-002, 26-004846-473, DP WA 2-16 (SOH 4/8/2021)",2,,00,"QA, BURN-IN, WIP, KITTING"
0016517_000002,RUDOLPH,0016517,Onto Innovation Inc.,000002,26-504580-001,"8GB DDR4-2133 DIMM, Reg., ECC",4/8/2021,4/8/2021,4/2/2021,4/8/2021,4/8/2021,9,0,141,NS (SOH 4/8/2021),612,,00,
0016559_000005,BECHTLE,0016559,Bechtle,000005,262500005009-00,TRC1001 2x MSL8256 1200W,4/8/2021,3/4/2021,4/1/2021,4/8/2021,4/8/2021,1,0,18009,"PSP 110500001214-00 NOO, 101500001093-00, 11-002149-001, 101500001093-00, 101500001094-00, 26-004846-558, 263500001533-00 TS/DP WA 3/9 (SOH 4/8/2021)",0,,00,"WIP, KITTING"
0016559_000007,BECHTLE,0016559,Bechtle,000007,262500005010-00,TRC1002 MSL8256 1200W,4/8/2021,3/4/2021,4/1/2021,4/8/2021,4/8/2021,1,0,12924,"PSP 26-004846-558, 264500002566-00, 263500001533-00  TS/DP WA 3/9 (SOH 4/8/2021)",0,,00,"WIP, KITTING"
0016569_000001,VSAT,0016569,ViaSat Inc,000001,262500003926-00,"MiniPC, i3-8100T, 240GB SSD",4/8/2021,3/9/2021,3/29/2021,4/12/2021,4/8/2021,6,0,1574,"PSP 110500002131-01 use -002, 26-004846-566, DP WA 3/9 (SOH 4/8/2021)",6,,00,"QA, BURN-IN, WIP, BO ON CPU's, PREP, KITTING"
0016569_000002,VSAT,0016569,ViaSat Inc,000002,198500002113-00,KIT MINIPC Mounting 2PC Horizo,4/8/2021,3/9/2021,3/29/2021,4/12/2021,4/8/2021,6,0,47,PSP NS (SOH 4/8/2021),6,,00,"QA, BURN-IN, WIP, KITTING"
0016181_000001,L3COMNJ,0016181,"L3 Technologies, Inc. - Camden",000001,198500001079-00,TSB+32GB(4X8GB)+Dev,11/24/2020,11/24/2020,3/19/2021,4/9/2021,4/9/2021,300,0,2292,"92-507053-000, 75-507053-C33A, 26-504550-002, 28-008146-001, 13-008147-000, 69-008125-000 TS/DP WA  10/16 (SOH 11/24/2020)",0,,00,"ON HOLD - ECO NEEDED, WIP & THERMAL TESTING - RECEIVING PCA's DAILY, KITTING 15 PC'S FOR  PROTO FOR THERMAL TEST RUN, L3 CAMDEN - SPECIAL THERMAL PROCESS REQUIRED - SHIP PARTIALS"
0016561_000001,SMARTDS,0016561,"Parraid, LLC",000001,92V7059717S038A,Smartronix BXT Deviation NV St,4/22/2021,4/22/2021,4/13/2021,4/16/2021,4/9/2021,1,0,3189,"26-006835-000 stk, 92-507059-002 stk, 26-004846-423 stk (SOH 4/22/2021)",0,,00,
0016561_000002,SMARTDS,0016561,"Parraid, LLC",000002,26-504540-003,"8GB, DDR3-1600, Mini-RDIMM",4/22/2021,4/22/2021,4/13/2021,4/16/2021,4/9/2021,6,0,95,NS  (SOH 4/22/2021),340,,00,
0016561_000003,SMARTDS,0016561,"Parraid, LLC",000003,92-701500400000,IOB33JX,4/22/2021,4/22/2021,4/13/2021,4/16/2021,4/9/2021,1,0,176,NS  (SOH 4/22/2021),0,,00,
0016518_000001,RUDOLPH,0016518,Onto Innovation Inc.,000001,26-504580-001,"8GB DDR4-2133 DIMM, Reg., ECC",4/21/2021,4/21/2021,4/12/2021,4/13/2021,4/13/2021,20,0,141,NS (SOH 4/21/2021),612,,00,
0016518_000003,RUDOLPH,0016518,Onto Innovation Inc.,000003,263500001144-00,"DVD, SATA Slim Drive (Read Onl",4/21/2021,4/21/2021,4/12/2021,4/13/2021,4/13/2021,12,0,71,NS (SOH 4/21/2021),89,,00,
0016488_000001,UNIV_MI,0016488,Univeristy of Michigan,000001,262500002491-00,THS4086 SEP8253 8228 1200W FIX,4/14/2021,2/15/2021,4/7/2021,4/14/2021,4/14/2021,1,0,7400,"PSP 124500001001-00, 26-004846-550, 111500001144-01 TS/DP WA 2/28 (SOH 4/14/2021)",1,,00,"BURN-IN, WIP, KITTING"
0016618_000001,SESOLCO,0016618,"Sesol Co., Ltd.",000001,92-825500600000,TKL E3-1275v5 4CHT 3.6,4/14/2021,4/14/2021,4/12/2021,4/14/2021,4/14/2021,6,0,1811,PSP 26-004846-509 DP WA 3/18 (SOH 4/14/2021),0,,00,KITTING
0016618_000002,SESOLCO,0016618,"Sesol Co., Ltd.",000002,92-661501000000,BPG6615 RAV,4/14/2021,4/14/2021,4/12/2021,4/14/2021,4/14/2021,6,0,874,PSP NS  (SOH 4/14/2021),1,,00,KITTING
0016445_000001,RUDOLPH,0016445,Onto Innovation Inc.,000001,26-504580-001,"8GB DDR4-2133 DIMM, Reg., ECC",4/15/2021,4/15/2021,4/5/2021,4/15/2021,4/15/2021,15,0,141,26-504580-001 DP WA 2/1 (SOH 4/15/2021),612,,00,
0016252_000012,L3COMM,0016252,"L3 Technologies, Inc.",000012,262500003377-00,"5U SEP8253 x2, 8236 x2, 4210T",2/1/2021,2/5/2021,3/19/2021,3/3/2021,4/16/2021,25,0,13028,"153500001052-00 Delta Concession ECO due?, 92-508236-037 3/19, 268500001075-01 port, 13-708233-000 ok, 26-004846-573 ok, 26-504605-002 ok,, 111500001479-02, 111500001721-00, 11-001765-003, TS/DP (SOH 2/1/2021)",0,,00,"WIP, BO ON 8236, WIP, ECO HEATSINKS -  INCORRECT FAN WIRE ROUTING, PREP, , ON HOLD - ENG, SHORT HEATSINKS, KITTNG  - NEED A CONCESSION ECO FOR FAN ALTERNATE"
0016252_000014,L3COMM,0016252,"L3 Technologies, Inc.",000014,262500003376-00,THS2085 SEP8253 4210T 650W Fix,2/1/2021,2/5/2021,3/19/2021,3/3/2021,4/16/2021,16,0,7187,"11-001780-000, 153500001031-01, 268500001058-01, 11-001998-000 AF, 11-001999-000 AF, 13-708233-000, 92-508253-600, 26-004846-573, 26-504605-002",0,,00,"ON HOLD AFTER BURN-IN, WIP, PREP, WIP, ON HOLD - ENG, KITTING"
0016252_000024,L3COMM,0016252,"L3 Technologies, Inc.",000024,262500003377-00,"5U SEP8253 x2, 8236 x2, 4210T",2/1/2021,2/5/2021,3/19/2021,3/3/2021,4/16/2021,2,0,13028,"153500001052-00 Delta Concession ECO due?, 92-508236-037 3/19, 268500001075-01 port, 13-708233-000 ok, 26-004846-573 ok, 26-504605-002 ok,, 111500001479-02, 111500001721-00, 11-001765-003, TS/DP (SOH 2/1/2021)",0,,00,"BURN-IN, WIP, PREP, ON HOLD- ENG KITTNG  - NEED A CONCESSION ECO FOR FAN ALTERNATE"
0016252_000025,L3COMM,0016252,"L3 Technologies, Inc.",000025,262500003376-00,THS2085 SEP8253 4210T 650W Fix,2/1/2021,2/5/2021,2/19/2021,4/2/2021,4/16/2021,1,0,7187,"PSP, NS - to build 1 - JB/TS/TO",0,,00,"COMPLETE-GIVEN TO ENG FOR TESTING, QA, BURN-IN, WIP, BO ON HS, WIP, KITTED - USE FOR ENG COMPLIANCE TEST"
0016252_000026,L3COMM,0016252,"L3 Technologies, Inc.",000026,262500003377-00,"5U SEP8253 x2, 8236 x2, 4210T",2/1/2021,2/5/2021,2/19/2021,4/2/2021,4/16/2021,1,0,13028,"PSP, NS - to build 1 - JB/TS/TO",0,,00,"COMPLETE - GIVEN TO ENG FOR TESTINGQA, BURN-IN, WIP, BO ON HS, WIP, KITTED - USE FOR ENG COMPLIACNCE TESTING"
0016252_000027,L3COMM,0016252,"L3 Technologies, Inc.",000027,262500003376-00,THS2085 SEP8253 4210T 650W Fix,2/1/2021,2/5/2021,3/19/2021,3/3/2021,4/16/2021,1,0,7187,"11-001780-000, 153500001031-01, 268500001058-01, 11-001998-000 AF, 11-001999-000 AF, 13-708233-000, 92-508253-600, 26-004846-573, 26-504605-002",0,,00,"ON HOLD AFTER BURN-IN, WIP, ON HOLD - ENG KITTING"
0016289_000003,TRIMAP,0016289,TriMap International,000003,92-662000400000,BPX6620 EPS,3/26/2021,3/26/2021,3/29/2021,4/8/2021,4/16/2021,100,0,896,PSP 92-506620-004 TS/NY (SOH 3/26/2021) UC,0,,00,"KITTING, SHIP PARTIALS"
0016464_000001,IBM,0016464,IBM,000001,198500001208-00,IBM FRU 12V charger,5/6/2021,4/1/2021,4/5/2021,4/19/2021,4/19/2021,100,26,137,IBM,0,,00,"IBM CELL, KITTING"
0016553_000001,CAEUSAI,0016553,CAE USA INC,000001,262500003754-00,"TRC3001 3U, MB E5-2640v4",4/15/2021,3/3/2021,4/12/2021,4/19/2021,4/19/2021,4,0,5290,"110500001074-00, 26-004846-512, 263500001523-00, 111500001144-01 TS/DP WA 2/28 (SOH 4/15/2021)",0,,00,"BURN-IN, WIP, KITTING - ECO TO USE ALT SSD-263-1620-00"
0016553_000002,CAEUSAI,0016553,CAE USA INC,000002,262500003754-00,"TRC3001 3U, MB E5-2640v4",4/15/2021,3/3/2021,4/12/2021,4/19/2021,4/19/2021,8,0,5290,"110500001074-00, 26-004846-512, 263500001523-00, 111500001144-01 TS/DP WA 2/28 (SOH 4/15/2021)",0,,00,"BURN-IN, WIP, KITTING - ECO TO USE  ALT SSD-263-1620-00"
0016585_000001,MATERIA,0016585,"Material Handling Systems, Inc",000001,262500002427-00,TRC3001 3U MB i78700K,4/14/2021,3/15/2021,4/13/2021,4/20/2021,4/20/2021,3,0,4800,"110500001074-00, 268500001055-00, 126500001170-00, 264500002455-00, 193500001170-00 TS/DP WA 3/19 (SOH 4/14/2021)",0,,00,asap
0016522_000002,GEORTEC,0016522,Georgia Institute of Tech.,000002,262500003939-00,TRC2008 MB X10DRi-T 500W,4/29/2021,2/23/2021,4/16/2021,4/23/2021,4/23/2021,1,0,8830,"11-002001-001, 124500001001-00, 264500001619-00, 26-004846-465, 264500001671-00, 264500002455-00 TS/DP WA 2/28 MC UC - reviewing PSP - rto, (SOH 4/29/2021)",0,,00,KITTING
0016540_000001,LEIDINC,0016540,Leidos - Colorado,000001,262500002081-00,"2U, 7053-112, 8219-013",4/28/2021,3/1/2021,4/19/2021,4/26/2021,4/26/2021,2,0,5200,"92-507053-000, 268500001067-01, (SOH 4/28/2021)
",0,,00,"BURN-IN, WIP, KITTING"
0016582_000001,HONEYNM,0016582,"Honeywell - Albuquerque, NM",000001,260500001112-00,"Monitor, 24"" LCD, LED Backligh",4/27/2021,4/27/2021,4/20/2021,4/27/2021,4/27/2021,4,0,300,260500001112-00 DP WA 3/9 (SOH 4/27/2021),9,,00,
0016519_000003,RUDOLPH,0016519,Onto Innovation Inc.,000003,263500001145-01,"HDD, 1TB, 2.5"", SATA III, 7200",4/28/2021,4/28/2021,4/19/2021,4/28/2021,4/28/2021,17,0,85,NS (SOH 4/28/2021),70,,00,
0016567_000001,RUDOLPH,0016567,Onto Innovation Inc.,000001,26-504580-001,"8GB DDR4-2133 DIMM, Reg., ECC",4/28/2021,4/28/2021,4/23/2021,4/28/2021,4/28/2021,30,0,141,26-504580-001 DP WA 3/9 (SOH 4/28/2021),612,,00,
0016528_000001,LOCKCOL,0016528,Lockheed Martin - Littleton,000001,262500004257-00,THS4095 GEN3EXO 8231 1200W,4/23/2021,4/23/2021,4/22/2021,4/29/2021,4/29/2021,8,0,4100,268500001697-01 use -00 Noah? TS WA 3/1 (SOH 4/23/2021) MC for PS UC - Noah ?,0,,00,
0016528_000004,LOCKCOL,0016528,Lockheed Martin - Littleton,000004,262500004255-00,THS4095 SEP8253 8259 1200W Fix,4/23/2021,4/23/2021,4/22/2021,4/29/2021,4/29/2021,8,0,12220,"110500002128-00, 268500001697-01, 92-508259-001, 26-004846-534 TS/DP WA 3/1 (SOH 4/23/2021)",0,,00,
0016600_000003,DAKTRON,0016600,"Daktronics, Inc.",000003,262500002478-00,TRC5005 TKL8255 8194 1550W,4/30/2021,3/19/2021,4/22/2021,4/29/2021,4/29/2021,1,0,6050,"110500001068-00, 26-004846-527, 111500001147-02 DP WA 3/19 (SOH 4/30/2021)",0,,00,"WIP, KITTING"
0016036_000007,IAIELTA,0016036,ELTA \ Care of I.A.I.,000007,262500003276-00,2025E200-001 Rev E01,1/25/2021,9/16/2020,3/29/2021,4/30/2021,4/30/2021,10,0,32476.62,CHANGE ORDER - USE 10 FROM SO# 14897,0,,00,"CONVERT -100 SYSTEMS TO -200 PER CUSTOMER,  - SHIP 4 BY 4/16, 3 BY 5/30 AND LAST 3 BY 6/30"
0016399_000001,L3COMM,0016399,"L3 Technologies, Inc.",000001,262500003128-00,"(THS2085) 2U,8225-623,8227-038",4/30/2021,1/20/2021,4/21/2021,4/30/2021,4/30/2021,1,0,11584,"111500001740-03 AF, 124500001001-00 ENg, 193500001207-02, 193500001045-00, 92-508225-600, 26-004846-498, 263500001487-00, 26-504580-002 TS/DP WA 1/14 (SOH 4/30/2021)",0,,00,
0016399_000002,L3COMM,0016399,"L3 Technologies, Inc.",000002,262500003153-00,"5U, 8225-018, 8237",4/30/2021,1/20/2021,4/21/2021,4/30/2021,4/30/2021,2,0,41911,"124500001001-00, Eng, 268500001115-00 stk, 92-508225-200, 26-004846-458,   TS/DP WA 1/14 (SOH 4/30/2021)",0,,00,
0016399_000003,L3COMM,0016399,"L3 Technologies, Inc.",000003,262500003154-00,"5U, 8225-218, 8236-037",4/30/2021,1/20/2021,4/21/2021,4/30/2021,4/30/2021,1,0,23633," 11-001768-001, 124500001001-00 Eng, 193500001207-02, 263500001487-00, 268500001075-01, 92-508225-200, 26-004846-458,   TS/DP WA 1/14 (SOH 4/30/2021)",0,,00,
0016572_000001,DAKTRON,0016572,"Daktronics, Inc.",000001,262500002478-00,TRC5005 TKL8255 8194 1550W,4/30/2021,3/10/2021,4/23/2021,4/30/2021,4/30/2021,9,0,6050,"26-004846-527, 111500001147-02, 111500001144-01 TS/DP WA 3/9 (SOH 4/30/2021)",0,,00,"WIP, KITTING"
0016576_000003,ECRIN,0016576,Ecrin Systems,000003,26-504590-001,"8GB DDR4-2400 DIMM, Reg., ECC,",4/30/2021,4/30/2021,4/22/2021,4/30/2021,4/30/2021,4,0,146,NS (SOH 4/30/2021),285,,00,
0016576_000004,ECRIN,0016576,Ecrin Systems,000004,26-504590-003,"32GB DDR4-2400 DIMM, Reg., ECC",4/30/2021,4/30/2021,4/22/2021,4/30/2021,4/30/2021,8,0,428,NS (SOH 4/30/2021),23,,00,
0016598_000001,ECRIN,0016598,Ecrin Systems,000001,92-825507200000,TKL E3-1275v6,4/30/2021,4/30/2021,4/23/2021,4/30/2021,4/30/2021,1,0,1450,26-004846-527 DP WA 3/18 (SOH 4/30/2021),0,,00,
0016339_000003,SCIENG,0016339,Science & Engineering Services,000003,263500001523-00,"960GB SSD 883 DCT Samsung 2.5""",2/10/2021,12/21/2020,4/30/2021,4/6/2021,5/1/2021,6,0,307,Moved out - approved to ship seperate by Sales,1,,00,MOVED OUT - USED SSD's FOR OTHER ORDER - SHIP WHEN MORE STOCK ARRIVES
0015987_000011,IBM,0015987,IBM,000011,262500003193-00,"MBS1003, 8272, 8241, E3-1225v5",8/25/2021,2/1/2021,3/15/2021,4/5/2021,5/3/2021,100,80,2963,IBM,120,,00,
0015987_000012,IBM,0015987,IBM,000012,262500003193-00,"MBS1003, 8272, 8241, E3-1225v5",8/25/2021,3/1/2021,4/19/2021,4/19/2021,5/3/2021,100,0,2963,IBM,120,,00,
0016562_000002,OXFORDQ,0016562,Oxford Quantum Circuits Ltd.,000002,262500004035-00,"TRC5004 5U, 8255, 8032",4/30/2021,3/5/2021,4/26/2021,5/3/2021,5/3/2021,2,0,7400,26-004846-502 DP WA 3/9 (SOH 4/30/2021),0,,00,
0016562_000003,OXFORDQ,0016562,Oxford Quantum Circuits Ltd.,000003,262500005017-00,THS5087 PED8234 8231 1500W,4/30/2021,3/5/2021,4/26/2021,5/3/2021,5/3/2021,1,0,7907,"111500001144-01, 124500001001-00, 153500001038-00, 264500002145-00 stk TS/DP WA 3/9 (SOH 4/30/2021)",0,,00,
0016577_000001,ECRIN,0016577,Ecrin Systems,000001,92-822803800000,HDB8228-CST,5/3/2021,5/3/2021,4/29/2021,5/3/2021,5/3/2021,2,0,722,NS (SOH 5/3/2021),0,,00,
0016577_000003,ECRIN,0016577,Ecrin Systems,000003,92-8225207C017A,"HEP E5-2680v4, IPMI, 14CHT 2.4",5/3/2021,5/3/2021,4/29/2021,5/3/2021,5/3/2021,2,0,5337,"26-004846-486, 26-000263-093 TS/DP WA 3/9 (SOH 5/3/2021)",0,,00,ATTENTION - IPMI REWORK - QTY 2
0016608_000001,HARRCOR,0016608,"L3Harris Technologies, Inc.",000001,262500003569-00,"TRC2005 8219, TSB, 650W PMBUS",5/3/2021,3/16/2021,4/27/2021,5/3/2021,5/3/2021,2,0,7341,"26-004846-428, 263500001151-00 DP WA 3/19 (SOH 5/3/2021)",0,,00,
0016550_000001,CUSTOMS,0016550,Custom Systems Integration Inc,000001,262500003860-00,TRC4014 4U TSB7053 6600 860W,5/5/2021,3/2/2021,4/27/2021,5/4/2021,5/4/2021,2,0,5692,"92-507053-000, 264500001299-00 TS/DP WA 2/28 (SOH 5/5/2021)",0,,00,
0016520_000003,RUDOLPH,0016520,Onto Innovation Inc.,000003,263500001144-00,"DVD, SATA Slim Drive (Read Onl",5/5/2021,5/5/2021,4/30/2021,5/5/2021,5/5/2021,16,0,71,NS (SOH 5/5/2021),89,,00,
0016547_000001,NORTHVA,0016547,Northrop Grumman Corporation,000001,262500002447-00,THS4086 TKL8255 6615 860W,5/5/2021,5/5/2021,4/30/2021,5/7/2021,5/7/2021,1,0,4650,124500001001-00 DP WA 2/28 (SOH 5/5/2021),0,,00,
0016622_000001,AMERRAI,0016622,American Railway Technologies,000001,92-825508800000,TKL i7-7700,5/24/2021,5/24/2021,5/3/2021,5/7/2021,5/7/2021,1,0,1807,Best Date > 26-004846-525 DP WA 3/19 (SOH 5/24/2021),0,,00,
0016622_000002,AMERRAI,0016622,American Railway Technologies,000002,92-815500700000,BPG8155 CRA,5/24/2021,5/24/2021,5/3/2021,5/7/2021,5/7/2021,1,0,1647,Best Date > NS (SOH 5/24/2021),0,,00,
0016622_000003,AMERRAI,0016622,American Railway Technologies,000003,26-504600-001,"8GB DDR4-2400 DIMM, Unbuff ECC",5/24/2021,5/24/2021,5/3/2021,5/7/2021,5/7/2021,1,0,71,Best Date > NS (SOH 5/24/2021),222,,00,
0016398_000002,L3COMM,0016398,"L3 Technologies, Inc.",000002,262500003076-00,"5U, 8225-018, 8237",5/11/2021,1/20/2021,4/30/2021,5/11/2021,5/11/2021,2,0,41270,"124500001001-00 Eng, 92-508225-200, 26-004846-458,   TS/DP WA 1/1 (SOH 5/11/2021)",0,,00,
0016398_000003,L3COMM,0016398,"L3 Technologies, Inc.",000003,262500003072-00,"2U, 8225-618, 8227-038",5/11/2021,1/20/2021,4/30/2021,5/11/2021,5/11/2021,2,0,13086,"111500001740-03 AF, 124500001001-00 Eng, 193500001207-02, 107500001137-00, 193500001045-00, 92-508225-600 stk, 26-004846-458, 263500001487-00 TS/DP WA 1/1 (SOH 5/11/2021)",0,,00,
0016607_000001,RGBSPEC,0016607,RGB Spectrum,000001,268500001086-00,"PS, 1200W, MICRO REDUNDANT, 90",5/17/2021,5/17/2021,5/10/2021,5/11/2021,5/11/2021,2,0,725,NS (SOH 5/17/2021),54,,00,
0016603_000001,CAEUSAI,0016603,CAE USA INC,000001,262500003679-00,TRC3001 3U MB,5/13/2021,3/19/2021,5/6/2021,5/13/2021,5/13/2021,2,0,4321,"110500001074-00, 268500001055-00 TS (SOH 5/13/2021)",0,,00,
0016602_000001,SYSTERR,0016602,Systerra Computer GmbH,000001,194500001009-00,HDEC I/O HD Brkt LP(L3 Spare),5/14/2021,3/19/2021,5/10/2021,5/14/2021,5/14/2021,15,0,20,Best Date > NS (SOH 5/14/2021),0,,00,
0016602_000002,SYSTERR,0016602,Systerra Computer GmbH,000002,262500002421-00,THS4086 TKL8255 8155 800W,5/14/2021,3/19/2021,5/10/2021,5/14/2021,5/14/2021,2,0,5985,"Best Date > **124500001001-00, 26-004846-509, 26-504600-002, 111500001147-02 TS/DP WA 3/19 (SOH 5/14/2021)",0,,00,
0016464_000002,IBM,0016464,IBM,000002,198500001208-00,IBM FRU 12V charger,5/6/2021,4/1/2021,5/3/2021,5/17/2021,5/17/2021,100,0,137,IBM,0,,00,KITTING
0016593_000001,SOUTHWI,0016593,Southwire Company,000001,262500002683-00,"TSC4600, Q87MX, 550W",5/28/2021,3/17/2021,5/10/2021,5/17/2021,5/17/2021,1,0,1980,"Best Date > 264500001242-00, 26-004846-448 stk, 263500001486-00 TS/DP  WA 3/19 (SOH 5/28/2021)",0,,00,
0016601_000001,GREARIV,0016601,"Great River Technology, Inc.",000001,262500004211-00,TRC5004 BXT7059 8032 1200W,5/18/2021,5/18/2021,5/10/2021,5/18/2021,5/18/2021,4,0,8850,"92-507059-002 stk, 26-004846-414, 263500001082-00 DP WA 3/19 (SOH 5/18/2021)",0,,00,
0016609_000001,IDEALAE,0016609,Ideal Aerosmith,000001,262500004164-00,TRC4008 TKL8255 6615 860W 2x 4,5/18/2021,3/23/2021,5/7/2021,5/18/2021,5/18/2021,3,0,5250,"26-004846-525, 111500001147-02 TS/DP WA 3/19 (SOH 5/18/2021)",2,,00,
0016609_000002,IDEALAE,0016609,Ideal Aerosmith,000002,263500001471-00,"HDD 1TB 2.5"" 7mm Seagate Barra",5/18/2021,3/23/2021,5/7/2021,5/18/2021,5/18/2021,3,0,80,NS  (SOH 5/18/2021),8,,00,
0016609_000003,IDEALAE,0016609,Ideal Aerosmith,000003,198500001016-00,"Slide Rails 24-30"" w/Bracket,",5/18/2021,3/23/2021,5/7/2021,5/18/2021,5/18/2021,3,0,100,107500001057-01 DP WA 3/19 (SOH 5/18/2021),0,,00,
0016609_000004,IDEALAE,0016609,Ideal Aerosmith,000004,260500001112-00,"Monitor, 24"" LCD, LED Backligh",5/18/2021,3/23/2021,5/7/2021,5/18/2021,5/18/2021,3,0,300,260500001112-00 DP WA 3/19 (SOH 5/18/2021),9,,00,
0016609_000005,IDEALAE,0016609,Ideal Aerosmith,000005,267500001004-00,USB Keyboard and Mouse,5/18/2021,3/23/2021,5/7/2021,5/18/2021,5/18/2021,3,0,30,NS  (SOH 5/18/2021),9,,00,
0016605_000001,CUSTOMS,0016605,Custom Systems Integration Inc,000001,262500003860-00,TRC4014 4U TSB7053 6600 860W,5/20/2021,3/22/2021,5/11/2021,5/20/2021,5/20/2021,1,0,5692,105500001021-00 DP WA 3/19 (SOH 5/202/2021),0,,00,
0015987_000013,IBM,0015987,IBM,000013,262500003193-00,"MBS1003, 8272, 8241, E3-1225v5",8/25/2021,4/5/2021,6/14/2021,6/14/2021,5/24/2021,100,0,2963,IBM,120,,00,
0016596_000001,RAYTHVA,0016596,Raytheon Company,000001,262500002467-00,MBS2000 MBKS2U 2x 1200W,5/26/2021,3/17/2021,5/17/2021,5/26/2021,5/26/2021,3,0,6500,"101500001093-00, 13-008028-001, 101500001094-00, 26-004846-525 TS/DP WA 3/19 (SOH 5/26/2021)",0,,00,
0016596_000002,RAYTHVA,0016596,Raytheon Company,000002,198500001015-00,"Slide Rails 20-26"" w/Bracket,",5/26/2021,3/17/2021,5/17/2021,5/26/2021,5/26/2021,3,0,100,NS (SOH 5/26/2021),1,,00,
0016568_000004,NORTHVA,0016568,Northrop Grumman Corporation,000004,262500002495-00,THS4086 TKL8255 8155 1200W,5/11/2021,3/9/2021,5/24/2021,5/31/2021,5/31/2021,1,0,5600,"**124500001001-00, 26-004846-525, 111500001147-02, 263500001523-00 TS/DP WA 3/19 (SOH 5/11/2021)",0,,00,
0015904_000001,IBM,0015904,IBM,000001,262500003322-00,MBT8303 MBC8290 8254 E-2226G,1/29/2021,4/30/2021,5/17/2021,6/1/2021,6/1/2021,10,0,3996,"(10) 92-508290-000 (A2 Aspeed Chip), 26-004846-571, 26-504607-002, 263500001610-00 TS/DP WA 8/2 (SOH 2/15/2021)",3,,00,
0015905_000007,IBM,0015905,IBM,000007,262500003320-00,MBS1004 MBC8290 8241 E-2226G,1/29/2021,4/30/2021,5/4/2021,5/21/2021,6/1/2021,15,0,4215,92-508290-00 (short A3 Aspeed chip),3,,00,
0016056_000002,IBM,0016056,IBM,000002,262500003322-00,MBT8303 MBC8290 8254 E-2226G,4/26/2021,4/26/2021,4/19/2021,,6/1/2021,10,0,3996,"263500001610-00, 193500001170-00,268500001110-00,110500001216-02, 171500001784-04, 107500001189-02",3,,00,
0016626_000001,ECRIN,0016626,Ecrin Systems,000001,26-504590-001,"8GB DDR4-2400 DIMM, Reg., ECC,",6/4/2021,6/4/2021,5/31/2021,6/4/2021,6/4/2021,8,0,146,NS,285,,00,
0016626_000002,ECRIN,0016626,Ecrin Systems,000002,92-822803800000,HDB8228-CST,6/4/2021,6/4/2021,5/31/2021,6/4/2021,6/4/2021,1,0,722,NS (SOH 6/4/2021),0,,00,
0016626_000003,ECRIN,0016626,Ecrin Systems,000003,92-8225281C017A,"HEP E5-2608Lv4, C017A IPMI 2-1",6/4/2021,6/4/2021,5/31/2021,6/4/2021,6/4/2021,1,0,2624,26-004846-493 DP WA 3/19 (SOH 6/4/2021),0,,00,
0016464_000003,IBM,0016464,IBM,000003,198500001208-00,IBM FRU 12V charger,5/6/2021,5/3/2021,6/14/2021,6/14/2021,6/7/2021,100,0,137,IBM,0,,00,
0015987_000014,IBM,0015987,IBM,000014,262500003193-00,"MBS1003, 8272, 8241, E3-1225v5",8/25/2021,5/1/2021,7/12/2021,7/12/2021,6/21/2021,100,0,2963,IBM,120,,00,
0015989_000004,IBM,0015989,IBM,000004,262500003195-00,"MBT8302, 8272, 8254, 1225v5 w/",8/25/2021,1/1/2021,6/14/2021,6/14/2021,6/28/2021,100,20,2963,IBM,52,,00,
0016594_000001,ECRIN,0016594,Ecrin Systems,000001,92-815500700000,BPG8155 CRA,7/5/2021,7/5/2021,7/1/2021,7/5/2021,7/5/2021,10,0,1161,NS (SOH 7/5/2021),0,,00,
0016052_000001,IBM,0016052,IBM,000001,198500001262-00,"IBM 16GB DDR4-2666, ECC, DIMM",7/9/2021,7/9/2021,7/9/2021,7/12/2021,7/12/2021,10,0,111,NS - IBM,0,,00,
0016054_000003,IBM,0016054,IBM,000003,262500003322-00,MBT8303 MBC8290 8254 E-2226G,7/9/2021,7/9/2021,7/1/2021,,7/12/2021,10,0,3996,"263500001610-00, 193500001170-00,268500001110-00,110500001216-02, 171500001784-04, 107500001189-02",3,,00,
0015987_000015,IBM,0015987,IBM,000015,262500003193-00,"MBS1003, 8272, 8241, E3-1225v5",8/25/2021,6/1/2021,8/9/2021,8/9/2021,7/19/2021,100,0,2963,IBM,120,,00,
0016463_000001,ECRIN,0016463,Ecrin Systems,000001,92-814100600000,THD E3-1275v3 4CHT 3.5,7/19/2021,7/19/2021,7/12/2021,7/19/2021,7/19/2021,1,0,1469,26-004846-444 stk (SOH 7/19/2021),0,,00,
0016464_000004,IBM,0016464,IBM,000004,198500001208-00,IBM FRU 12V charger,5/6/2021,5/6/2021,7/12/2021,7/12/2021,7/19/2021,100,0,137,IBM,0,,00,
0016464_000005,IBM,0016464,IBM,000005,198500001208-00,IBM FRU 12V charger,5/6/2021,7/1/2021,8/23/2021,8/23/2021,8/2/2021,100,0,137,IBM,0,,00,
0016057_000005,IBM,0016057,IBM,000005,262500003320-00,MBS1004 MBC8290 8241 E-2226G,2/24/2021,7/16/2021,7/1/2021,8/16/2021,8/16/2021,65,0,3996,"92-508290-000, 26-004846,571, 26-504607-002, 263500001610-00 TS/DP",3,,00,
0015987_000016,IBM,0015987,IBM,000016,262500003193-00,"MBS1003, 8272, 8241, E3-1225v5",8/25/2021,6/1/2021,9/30/2021,9/30/2021,8/23/2021,105,0,2963,IBM,120,,00,
0016464_000006,IBM,0016464,IBM,000006,198500001208-00,IBM FRU 12V charger,5/6/2021,7/1/2021,9/13/2021,9/13/2021,8/23/2021,100,0,137,IBM,0,,00,
0015988_000003,IBM,0015988,IBM,000003,262500003194-00,"MBS1003, 8272, 8241, 1275v6 w/",8/25/2020,1/1/2021,4/12/2021,4/12/2021,9/7/2021,112,24,3662,IBM,88,,00,
0016464_000007,IBM,0016464,IBM,000007,198500001208-00,IBM FRU 12V charger,5/6/2021,8/2/2021,9/20/2021,9/20/2021,9/7/2021,100,0,137,IBM,0,,00,
0016565_000002,IBM,0016565,IBM,000002,198500001102-00,"IBM FRU, Fan Module",9/13/2021,9/13/2021,5/28/2021,5/31/2021,9/7/2021,50,0,60,198500001119-00 (SOH 3/8/2021) - need to order more fans from CiDesign MC - UC,0,,00,
0016612_000001,IBM,0016612,IBM,000001,262500003322-00,MBT8303 MBC8290 8254 E-2226G,10/7/2021,9/1/2021,9/7/2021,5/7/2022,9/7/2021,87,0,3112,Quote - Tower (IBM),3,,00,
0016557_000003,IBM,0016557,IBM,000003,262500003193-00,"MBS1003, 8272, 8241, E3-1225v5",2/25/2021,7/1/2021,4/23/2021,9/13/2021,9/13/2021,100,0,2963,IBM - Jason and Elizabeth to revise schedule / Forecast,120,,00,
0016464_000008,IBM,0016464,IBM,000008,198500001208-00,IBM FRU 12V charger,5/6/2021,9/1/2021,10/4/2021,10/4/2021,9/20/2021,100,0,137,IBM,0,,00,
0016604_000001,CAEUSAI,0016604,CAE USA INC,000001,262500003735-00,"TRC3001 3U,MB",9/24/2021,3/19/2021,9/2/2021,9/24/2021,9/24/2021,1,0,3413,"Best Date > 268500001055-00, 110500001074-00, 26-004846-461, 111500001144-01 TS/DP WA 3/19 (SOH 9/24/2021)",0,,00,
0016557_000004,IBM,0016557,IBM,000004,262500003193-00,"MBS1003, 8272, 8241, E3-1225v5",2/25/2021,8/2/2021,4/23/2021,9/20/2021,9/27/2021,100,0,2963,IBM - Jason and Elizabeth to revise schedule / Forecast,120,,00,
0016050_000004,IBM,0016050,IBM,000004,262500003320-00,MBS1004 MBC8290 8241 E-2226G,5/1/2021,5/1/2021,4/27/2021,,10/11/2021,30,0,3996,"92-508290-000, 26-004846,571, 26-504607-002, 263500001610-00 TS/DP",3,,00,
0016464_000009,IBM,0016464,IBM,000009,198500001208-00,IBM FRU 12V charger,5/6/2021,9/1/2021,10/25/2021,10/25/2021,10/11/2021,100,0,137,IBM,0,,00,
0016557_000005,IBM,0016557,IBM,000005,262500003193-00,"MBS1003, 8272, 8241, E3-1225v5",2/25/2021,9/1/2021,4/23/2021,10/4/2021,10/11/2021,100,0,2963,IBM - Jason and Elizabeth to revise schedule / Forecast,120,,00,
0015989_000005,IBM,0015989,IBM,000005,262500003195-00,"MBT8302, 8272, 8254, 1225v5 w/",8/25/2021,4/1/2021,8/9/2021,8/9/2021,10/18/2021,147,0,2963,IBM,52,,00,
0016464_000010,IBM,0016464,IBM,000010,198500001208-00,IBM FRU 12V charger,5/6/2021,10/1/2021,11/15/2021,11/15/2021,10/25/2021,100,0,137,IBM,0,,00,
0016557_000006,IBM,0016557,IBM,000006,262500003193-00,"MBS1003, 8272, 8241, E3-1225v5",2/25/2021,9/1/2021,4/23/2021,10/25/2021,10/25/2021,100,0,2963,IBM - Jason and Elizabeth to revise schedule / Forecast,120,,00,
0016557_000007,IBM,0016557,IBM,000007,262500003193-00,"MBS1003, 8272, 8241, E3-1225v5",2/25/2021,10/1/2021,4/23/2021,11/15/2021,11/1/2021,100,0,2963,IBM - Jason and Elizabeth to revise schedule / Forecast,120,,00,
0016558_000003,IBM,0016558,IBM,000003,262500003194-00,"MBS1003, 8272, 8241, 1275v6 w/",2/25/2021,6/1/2021,4/23/2021,9/20/2021,11/8/2021,100,0,3662,IBM - Jason and Elizabeth to revise schedule / Forecast,88,,00,
0016558_000004,IBM,0016558,IBM,000004,262500003194-00,"MBS1003, 8272, 8241, 1275v6 w/",2/25/2021,9/1/2021,4/23/2021,11/15/2021,11/15/2021,100,0,3662,IBM - Jason and Elizabeth to revise schedule / Forecast,88,,00,
0016557_000008,IBM,0016557,IBM,000008,262500003193-00,"MBS1003, 8272, 8241, E3-1225v5",2/25/2021,10/1/2021,4/23/2021,11/22/2021,11/22/2021,100,0,2963,IBM - Jason and Elizabeth to revise schedule / Forecast,120,,00,
0016556_000003,IBM,0016556,IBM,000003,262500003195-00,"MBT8302, 8272, 8254, 1225v5 w/",2/25/2021,8/2/2021,4/23/2021,11/1/2021,11/29/2021,100,0,2963,IBM - Jason and Elizabeth to revise schedule / Forecast,52,,00,
0016167_000001,TRENSYS,0016167,Trenton Systems,000001,262500002478-00,TRC5005 TKL8255 8194 1550W,10/14/2020,10/21/2020,11/12/2020,12/1/2021,12/1/2021,2,0,0,"DO NOT KIT - SOFT ALLOCATION ORDER FOR PARTS (268500001131-01, 111500001776-00, 92-508194-007, 26-004846-527, 111500001147-02, 92-508255-000 Rwk (SOH 10/14/2020)",0,,00,DO NOT KIT - DUMMY ORDER TO SOFT ALLOCATE PARTS
0016055_000003,IBM,0016055,IBM,000003,262500003320-00,MBS1004 MBC8290 8241 E-2226G,3/29/2021,9/30/2021,10/1/2021,12/31/2021,12/13/2021,60,0,3996,"92-508290-000, 26-004846,571, 26-504607-002, 263500001610-00 TS/DP",3,,00,
0016557_000009,IBM,0016557,IBM,000009,262500003193-00,"MBS1003, 8272, 8241, E3-1225v5",2/25/2021,11/1/2021,4/23/2021,12/27/2021,12/27/2021,95,0,2963,IBM - Jason and Elizabeth to revise schedule / Forecast,120,,00,
0016556_000004,IBM,0016556,IBM,000004,262500003195-00,"MBT8302, 8272, 8254, 1225v5 w/",2/25/2021,10/1/2021,4/23/2021,12/30/2021,12/30/2021,100,0,2963,IBM - Jason and Elizabeth to revise schedule / Forecast,52,,00,
0015696_000001,SYSTINT,0015696,Systems Integration Plus Inc.,000001,92-683000100000,IOB32NI - Custom,7/15/2020,7/15/2020,8/31/2020,12/31/2021,12/31/2021,27,0,275,92-506830-001 Custom Brd - MC TBD NY,0,,00,USE ON CUST RMA??
0015788_000003,IBM,0015788,IBM,000003,110500001211-01,"1U 28"" (MBS1003) IBM CHASSIS",10/31/2020,10/31/2020,12/30/2021,44561,12/31/2021,95,61,397.75,110500001211-01 10/16/2020,571,,00,NO OPERATIONS WORK REQUIRED
0016049_000004,IBM,0016049,IBM,000004,262500003320-00,MBS1004 MBC8290 8241 E-2226G,7/13/2021,6/1/2021,7/6/2021,,12/31/2021,30,0,3996,"92-508290-000, 26-004846,571, 26-504607-002, 263500001610-00 TS/DP",3,,00,
0016544_000003,TRENSYS,0016544,Trenton Systems,000003,198500002136-00,Intel Ethernet SFP+ LR Optics,3/31/2021,12/1/2021,12/1/2021,12/31/2021,12/31/2021,0,0,0,SANMINA KANBAN STOCK,3,,00,KANBAN BUILD ORDER
0016589_000004,TRENSYS,0016589,Trenton Systems,000004,162500001017-00,"TRC1503-C001, Sanmina SDS0120-",3/9/2021,12/1/2021,12/1/2021,44561,12/31/2021,0,0,0,"Sanmina KANBAN, PN SDS0120-32908-00",1,,00,KANBAN BUILD ORDER
0016619_000001,IBM,0016619,IBM,000001,262500003320-00,MBS1004 MBC8290 8241 E-2226G,3/24/2021,8/2/2021,9/30/2021,9/30/2021,1/31/2022,100,0,3112,IBM,3,,00,
0016619_000002,IBM,0016619,IBM,000002,262500003320-00,MBS1004 MBC8290 8241 E-2226G,3/24/2021,9/1/2021,10/29/2021,10/29/2021,2/28/2022,100,0,3112,IBM,3,,00,
0016619_000003,IBM,0016619,IBM,000003,262500003320-00,MBS1004 MBC8290 8241 E-2226G,3/24/2021,9/1/2021,10/29/2021,10/29/2021,2/28/2022,100,0,3112,IBM,3,,00,
0016575_000001,ECRIN,0016575,Ecrin Systems,000001,92-815500700000,BPG8155 CRA,3/4/2022,3/4/2022,3/1/2022,3/4/2022,3/4/2022,10,0,1161,Restock - moved date out til 2022,0,,00,MOVED DATE OUT UNTIL 3/4/2022
0016576_000001,ECRIN,0016576,Ecrin Systems,000001,92-815500700000,BPG8155 CRA,4/30/2021,3/4/2022,3/1/2022,3/4/2022,3/4/2022,10,0,1161,Date moved out to 3/4/2022,0,,00,MOVED DATE OUT ON THIS LINE UNTIL 3/4/2022
0016556_000005,IBM,0016556,IBM,000005,262500003195-00,"MBT8302, 8272, 8254, 1225v5 w/",2/25/2021,10/1/2021,4/23/2021,44606,3/28/2022,64,0,2963,IBM - Jason and Elizabeth to revise schedule / Forecast,52,,00,
0016558_000005,IBM,0016558,IBM,000005,262500003194-00,"MBS1003, 8272, 8241, 1275v6 w/",2/25/2021,11/1/2021,4/23/2021,2/14/2022,3/28/2022,100,0,3662,IBM - Jason and Elizabeth to revise schedule / Forecast,88,,00,
0016619_000004,IBM,0016619,IBM,000004,262500003320-00,MBS1004 MBC8290 8241 E-2226G,3/24/2021,11/1/2021,11/30/2021,44530,3/31/2022,100,0,3112,IBM,3,,00,
0016619_000005,IBM,0016619,IBM,000005,262500003320-00,MBS1004 MBC8290 8241 E-2226G,3/24/2021,1/1/2022,11/30/2021,11/30/2021,4/30/2022,100,0,3112,IBM,3,,00,
0016558_000006,IBM,0016558,IBM,000006,262500003194-00,"MBS1003, 8272, 8241, 1275v6 w/",2/25/2021,11/1/2021,4/23/2021,2/14/2022,5/30/2022,5,0,3662,IBM - Jason and Elizabeth to revise schedule / Forecast,88,,00,
0016619_000006,IBM,0016619,IBM,000006,262500003320-00,MBS1004 MBC8290 8241 E-2226G,3/24/2021,1/1/2022,12/31/2021,12/31/2021,5/31/2022,100,0,3112,IBM,3,,00,
0016619_000007,IBM,0016619,IBM,000007,262500003320-00,MBS1004 MBC8290 8241 E-2226G,3/24/2021,2/1/2022,12/31/2021,12/31/2021,5/31/2022,100,0,3112,IBM,3,,00,
0016619_000008,IBM,0016619,IBM,000008,262500003320-00,MBS1004 MBC8290 8241 E-2226G,3/24/2021,2/1/2022,44561,12/31/2021,5/31/2022,100,0,3112,IBM,3,,00,
0016619_000009,IBM,0016619,IBM,000009,262500003320-00,MBS1004 MBC8290 8241 E-2226G,3/24/2021,3/1/2022,1/3/2022,1/3/2022,5/31/2022,100,0,3112,IBM,3,,00,
0016619_000010,IBM,0016619,IBM,000010,262500003320-00,MBS1004 MBC8290 8241 E-2226G,3/24/2021,3/1/2022,1/3/2022,1/3/2022,5/31/2022,100,0,3112,IBM,3,,00,
0014897_000003,IAIELTA,0014897,ELTA \ Care of I.A.I.,000003,262500003325-00,EN 2025E100-001 Rev E,12/17/2019,1/15/2020,,,,25,15,28716,USE LAST 10 PART SETS TO SO# 16036 FOR 10 OF 262-3276-00 per Sales,0,,00,"USE THE LAST 10 AND CONVERT TO 2025E200'S PER CUSTOMER REQUEST, 15 SHIPPED, , 11 IN FIN GOOD, WIP, SHIP PARTIALS"
0016036_000004,IAIELTA,0016036,ELTA \ Care of I.A.I.,000004,262500003282-00,2025E100-001 Rev E01,1/25/2021,9/16/2020,,6/1/2021,,3,0,38550.3,Elta Nova - Shortages not listed,0,,00,
0016036_000006,IAIELTA,0016036,ELTA \ Care of I.A.I.,000006,262500003282-00,2025E100-001 Rev E01,1/25/2021,9/16/2020,,6/1/2021,,10,0,38550.3,Elta Nova - Shortages not listed,0,,00,
0016036_000008,IAIELTA,0016036,ELTA \ Care of I.A.I.,000008,262500003276-00,2025E200-001 Rev E01,1/25/2021,9/16/2021,,6/1/2021,,3,0,32476.62,Elta Nova - Shortages not listed,0,,00,
0016324_000001,RUDOLPH,0016324,Onto Innovation Inc.,000001,262500003624-00,"(TRS3500) 3U, MB",2/16/2021,12/15/2020,44236,4/2/2021,,10,3,4250,"PSP Best Date added >110500001074-00, 264500001243-00, 26-004846-461, 111500001061-01, 111500001144-01,  (SOH 2/16/2021)",0,,00,"PARTIAL OF 3 APPROVED TO SHIP BY SALES, SO ON HOLD - CUST REPORTED VIDEO RES ISSUES-COMPLETE, BURN-IN, WIP, KITTED"
0016366_000001,IAIELTA,0016366,ELTA \ Care of I.A.I.,000001,262500003375-00,2025E300-001 Rev -,5/14/2021,5/14/2021,,,,5,0,35324,"26-004846-526, 153500001049-00, TS/DP WA 12/29 (SOH 2/11/2021)",0,,00,
0016404_000001,IAIELTA,0016404,ELTA \ Care of I.A.I.,000001,262500003276-00,2025E200-001 Rev E01,2/26/2021,2/26/2021,,,,1,0,32476.62,,0,,00,PULL-IN IF POSSIBLE - EXPEDITED
0016411_000001,RUDOLPH,0016411,Onto Innovation Inc.,000001,262500003624-00,"(TRS3500) 3U, MB",3/4/2021,1/21/2021,3/1/2021,3/8/2021,,1,0,4250,"110500001074-00, 26-004846-461, 263500001145-01 TS/DP WA 1/20 (SOH 3/31/2021) No BD",0,,00,"ON HOLD - CUST REPORTED VIDEO ISSUE – NO ESD, RE-EVAL ESD WHEN APPROVED TO SHIP"
0016413_000001,RUDOLPH,0016413,Onto Innovation Inc.,000001,262500003624-00,"(TRS3500) 3U, MB",3/31/2021,1/21/2021,3/15/2021,3/31/2021,,9,0,4250,"110500001074-00, 26-004846-461, 263500001145-01 TS/DP WA 1/20 (SOH 3/31/2021) No BD",0,,00,"ON HOLD - CUST REPORTED VIDEO ISSUE – NO ESD, RE-EVAL ESD WHEN APPROVED TO SHIP"
0016413_000003,RUDOLPH,0016413,Onto Innovation Inc.,000003,263500001145-01,"HDD, 1TB, 2.5"", SATA III, 7200",3/31/2021,1/21/2021,44270,3/31/2021,,8,0,85,263500001145-01 DP WA 1/20 (SOH 3/31/2021) No BD,70,,00,"ON HOLD - CUST REPORTED VIDEO ISSUE – NO ESD, RE-EVAL ESD WHEN APPROVED TO SHIP"
0016417_000001,RUDOLPH,0016417,Onto Innovation Inc.,000001,198500001190-00,"X10DRI-T, E5-2620v4, 16GB, KIT",3/31/2021,3/31/2021,44278,3/31/2021,,5,0,2050,26-004846-490 DP WA 1/20 (SOH 3/31/2021) No BD,0,,00,"ON HOLD - CUST REPORTED VIDEO ISSUE – NO ESD, RE-EVAL ESD WHEN APPROVED TO SHIP"
0016436_000007,RUDOLPH,0016436,Onto Innovation Inc.,000007,198500001190-00,"X10DRI-T, E5-2620v4, 16GB, KIT",2/17/2021,2/17/2021,2/24/2021,3/30/2021,,10,0,2050,"26-004846-490, 264500001243-00 DP WA 2 5 (SOH 2/17/2021)",0,,00,"ON HOLD - CUST REPORTED VIDEO ISSUE – NO ESD, RE-EVAL ESD WHEN APPROVED TO SHIP"
0016446_000001,RUDOLPH,0016446,Onto Innovation Inc.,000001,198500001190-00,"X10DRI-T, E5-2620v4, 16GB, KIT",4/1/2021,4/1/2021,3/31/2021,4/1/2021,,5,0,2050,"264500001243-00, 26-004846-490, DP WA 2/1 (SOH 4/1/2021)",0,,00,"ON HOLD - CUST REPORTED VIDEO ISSUE – NO ESD, RE-EVAL ESD WHEN APPROVED TO SHIP"
0016447_000001,RUDOLPH,0016447,Onto Innovation Inc.,000001,198500001190-00,"X10DRI-T, E5-2620v4, 16GB, KIT",4/28/2021,4/28/2021,4/20/2021,4/28/2021,,15,0,2050,"264500001243-00, 26-004846-490, DP WA 2/1 (SOH 4/28/2021)",0,,00,"ON HOLD - CUST REPORTED VIDEO ISSUE – NO ESD, RE-EVAL ESD WHEN APPROVED TO SHIP"
0016448_000001,RUDOLPH,0016448,Onto Innovation Inc.,000001,198500001190-00,"X10DRI-T, E5-2620v4, 16GB, KIT",5/27/2021,5/27/2021,5/19/2021,5/27/2021,,10,0,2050,"264500001243-00, 26-004846-490, DP WA 2/1 (SOH 5/27/2021)",0,,00,"ON HOLD - CUST REPORTED VIDEO ISSUE – NO ESD, RE-EVAL ESD WHEN APPROVED TO SHIP"
0016469_000001,RUDOLPH,0016469,Onto Innovation Inc.,000001,262500003624-00,"(TRS3500) 3U, MB",4/28/2021,2/2/2021,4/19/2021,5/7/2021,,10,0,4250,"110500001074-00 stk, 13-508218-000 TS/DP WA 2/28 (SOH 4/28/2021)",0,,00,"ON HOLD - CUST REPORTED VIDEO ISSUE – NO ESD, RE-EVAL ESD WHEN APPROVED TO SHIP"
0016573_000001,RUDOLPH,0016573,Onto Innovation Inc.,000001,198500001190-00,"X10DRI-T, E5-2620v4, 16GB, KIT",6/8/2021,6/8/2021,44348,,,17,0,2050,"264500001243-00, 26-004846-490 DP WA 3/9 (SOH 6/8/2021)",0,,00,"ON HOLD - CUST REPORTED VIDEO ISSUE – NO ESD, RE-EVAL ESD WHEN APPROVED TO SHIP"
0016574_000001,RUDOLPH,0016574,Onto Innovation Inc.,000001,198500001190-00,"X10DRI-T, E5-2620v4, 16GB, KIT",6/23/2021,6/23/2021,44363,,,2,0,2050,"264500001243-00, 26-004846-490 DP WA 3/9 (SOH 6/23/2021)",0,,00,"ON HOLD - CUST REPORTED VIDEO ISSUE – NO ESD, RE-EVAL ESD WHEN APPROVED TO SHIP"
0016615_000001,RUDOLPH,0016615,Onto Innovation Inc.,000001,262500003624-00,"(TRS3500) 3U, MB",6/2/2021,3/24/2021,5/25/2021,,,4,0,4250,"110500001074-00, 268500001055-00, 26-004846-461, 107500001105-00, 26-504580-001, 263500001513-00, 193500001033-00 TS/DP WA 3/19 (SOH 6/2/2021)",0,,00,"ON HOLD - CUST REPORTED VIDEO ISSUE – NO ESD, RE-EVAL ESD WHEN APPROVED TO SHIP"
0016616_000001,RUDOLPH,0016616,Onto Innovation Inc.,000001,262500003624-00,"(TRS3500) 3U, MB",6/29/2021,3/24/2021,6/21/2021,,,10,0,4250,"110500001074-00, 268500001055-00, 26-004846-461, 107500001105-00, 26-504580-001, 263500001513-00, 193500001033-00 TS/DP WA 3/19 (SOH 6/29/2021)",0,,00,"ON HOLD - CUST REPORTED VIDEO ISSUE – NO ESD, RE-EVAL ESD WHEN APPROVED TO SHIP"
0016617_000001,RUDOLPH,0016617,Onto Innovation Inc.,000001,262500003624-00,"(TRS3500) 3U, MB",8/6/2021,3/24/2021,7/30/2021,,,8,0,4250,"110500001074-00, 268500001055-00, 26-004846-461, 107500001105-00, 26-504580-001, 263500001513-00, 193500001033-00 TS/DP WA 3/19 (SOH 8/6/2021)",0,,00,"ON HOLD - CUST REPORTED VIDEO ISSUE – NO ESD, RE-EVAL ESD WHEN APPROVED TO SHIP"
0016627_000001,ZDATUM,0016627,Zdatum Corporation,000001,262500002342-00,"TRC2009 2U, 8141, 8219 650W",5/18/2021,3/25/2021,5/12/2021,,,1,0,6680,"124500001001-00, 26-004846-467, 263500001190-00 EOL, 264500001999-00 EOL, DP Wa 3/10 (SOH 5/18/2021)",0,,00,
0016628_000001,CONCCOM,0016628,Concurrent RT - Pompano,000001,198500001016-00,"Slide Rails 24-30"" w/Bracket,",6/22/2021,3/25/2021,7/20/2021,,,1,0,100,Best Date > 107500001057-01 DP WA 3/19 (SOH 6/22/2021),0,,00,
0016628_000002,CONCCOM,0016628,Concurrent RT - Pompano,000002,262500003685-00,"(THS5095) 5U,8225-500,8231-037",6/22/2021,3/25/2021,7/20/2021,,,1,0,6944,"Best Date > 11-001844-001, 153500001026-01, **124500001001-00, 111500001768-02, ** 92-508231-037 UC, 26-004846-491 TS/DP WA 3/19 (SOH 6/22/2021)",0,,00,
0016630_000001,L3COLOR,0016630,L3Harris Space & Intelligence,000001,198500002131-00,MBS2000 Chassis and PSU Kit,6/22/2021,6/22/2021,44361,,,2,0,2650,110500001174-01 (convert from -00 to -01 30 OH) TS WA 3/29 (SOH 6/22/2021),0,,00,
0016630_000002,L3COLOR,0016630,L3Harris Space & Intelligence,000002,194500001555-00,"L3 Harris Colorado MBK1U, i7-7",6/22/2021,6/22/2021,44361,,,5,0,3600,"263500001522-00, 26-004846-525 DP WA 3/29 (SOH 6/22/2021)",0,,00,
0016630_000003,L3COLOR,0016630,L3Harris Space & Intelligence,000003,198500001015-00,"Slide Rails 20-26"" w/Bracket,",6/22/2021,6/22/2021,44361,,,2,0,100,NS (SOH 6/22/2021),1,,00,
0016633_000001,EMETCOM,0016633,Emet OEM Computing Ltd.,000001,92-705970400000,BXT E5-2450v2 8CHT 2.5,6/29/2021,6/29/2021,,,,67,0,4787,,0,,00,? DO WE HAVE 67 - 7059's?
0016635_000003,EMETCOM,0016635,Emet OEM Computing Ltd.,000003,92V705980400000,BXTS E5-2450v2 8CHT 2.5  No Vi,6/28/2021,6/28/2021,44405,,,16,0,3499,"**92-507059-002 LT UC - NY reviewing , 26-004846-456, 115500001005-00 TS/DP (SOH 6/28/2021)",0,,00,
0016639_000001,DAKTRON,0016639,"Daktronics, Inc.",000001,262500002478-00,TRC5005 TKL8255 8194 1550W,4/29/2021,3/30/2021,4/27/2021,,,1,0,6050,"110500001068-00, 111500001061-01, 26-004846-527, 111500001147-02, 111500001144-01",0,,00,
0016641_000001,EMETCOM,0016641,Emet OEM Computing Ltd.,000001,92V705980400000,BXTS E5-2450v2 8CHT 2.5  No Vi,6/28/2021,6/28/2021,7/28/2021,,,10,0,3499,"**92-507059-002 LT UC - NY reviewing , 26-004846-456, 115500001005-00 TS/DP (SOH 6/28/2021)",0,,00,
0016641_000002,EMETCOM,0016641,Emet OEM Computing Ltd.,000002,92V705980400000,BXTS E5-2450v2 8CHT 2.5  No Vi,6/28/2021,6/28/2021,7/28/2021,,,10,0,3499,"**92-507059-002 LT UC - NY reviewing , 26-004846-456, 115500001005-00 TS/DP (SOH 6/28/2021)",0,,00,
0016641_000003,EMETCOM,0016641,Emet OEM Computing Ltd.,000003,92V705980400000,BXTS E5-2450v2 8CHT 2.5  No Vi,6/28/2021,6/28/2021,44405,,,15,0,3499,"**92-507059-002 LT UC - NY reviewing , 26-004846-456, 115500001005-00 TS/DP (SOH 6/28/2021)",0,,00,
0016642_000001,BECHTLE,0016642,Bechtle,000001,262500005009-00,TRC1001 2x MSL8256 1200W,7/1/2021,4/1/2021,44376,,,6,0,18009,"**110500001214-00 UC, 26-004846-558, 263500001533-00   TS/DP WA 3/29 (SOH 7/1/2021)",0,,00,
0016643_000001,RUDOLPH,0016643,Onto Innovation Inc.,000001,263500001145-01,"HDD, 1TB, 2.5"", SATA III, 7200",6/16/2021,6/16/2021,44355,,,4,0,85,263500001145-01  (SOH 6/16/2021),70,,00,
0016643_000002,RUDOLPH,0016643,Onto Innovation Inc.,000002,263500001144-00,"DVD, SATA Slim Drive (Read Onl",6/16/2021,6/16/2021,6/8/2021,,,4,0,95,263500001144-00 (SOH 6/16/2021),89,,00,
0016644_000001,RUDOLPH,0016644,Onto Innovation Inc.,000001,263500001145-01,"HDD, 1TB, 2.5"", SATA III, 7200",6/28/2021,6/28/2021,44365,,,36,0,85,263500001145-01  (SOH 6/28/2021),70,,00,
0016644_000002,RUDOLPH,0016644,Onto Innovation Inc.,000002,263500001144-00,"DVD, SATA Slim Drive (Read Onl",6/28/2021,6/28/2021,44365,,,36,0,95,263500001144-00  (SOH 6/28/2021),89,,00,
0016646_000001,EMETCOM,0016646,Emet OEM Computing Ltd.,000001,92-708700800000,BPG7087 CST,4/8/2021,4/8/2021,4/5/2021,,,23,0,917,NS (SOH 4/8/2021),0,,00,
0016647_000001,EMETCOM,0016647,Emet OEM Computing Ltd.,000001,92-708700800000,BPG7087 CST,4/30/2021,4/30/2021,4/19/2021,,,17,0,917,NS (SOH 4/19/2021),0,,00,
0016648_000001,EMETCOM,0016648,Emet OEM Computing Ltd.,000001,92-708700800000,BPG7087 CST,6/2/2021,6/2/2021,5/24/2021,,,19,0,917,NS (SOH 6/2/2021),0,,00,
0016649_000001,EMETCOM,0016649,Emet OEM Computing Ltd.,000001,92-708700800000,BPG7087 CST,6/30/2021,6/30/2021,6/22/2021,,,15,0,917,NS (SOH 6/30/2021),0,,00,
0016650_000001,EMETCOM,0016650,Emet OEM Computing Ltd.,000001,92-708700800000,BPG7087 CST,8/2/2021,8/2/2021,7/23/2021,,,14,0,917,NS (SOH 8/2/2021),0,,00,
0016651_000001,RGBSPEC,0016651,RGB Spectrum,000001,262500004197-00,TRC5004 TKL8255 8032 1200W,6/9/2021,4/2/2021,5/28/2021,,,2,0,7995,"Best Date > 111500001776-00, 26-004846-502 TS/DP WA 3/30 (SOH 6/9/2021)",0,,00,
0016652_000001,LMCOCO,0016652,"Lockheed Martin-Sunnyvale, CA",000001,262500004287-00,TRC4008 TKL8255 6615 860W RED,6/24/2021,6/24/2021,6/17/2021,,,1,0,6175,"111500001061-01, 111500001776-00, 111500001776-00, 111500001147-02, 264500002516-00, 26-004846-525 TS/DP WA 3/30 (SOH 6/24/2021)",0,,00,
0016653_000001,MATERIA,0016653,"Material Handling Systems, Inc",000001,262500002427-00,TRC3001 3U MB i78700K,6/21/2021,4/2/2021,6/8/2021,,,3,0,4800,"Best Date > 110500001074-00, 268500001055-00 delayed at port, 111500001776-00, 111500001061-01, 126500001170-00, 113500001013-00, 111500001144-01, 193500001170-00 TS/DP WA 3/29 (SOH 6/21/2021)",0,,00,Expedited
0016654_000001,MAQUILA,0016654,"Maquila Services, LLC",000001,264500001285-00,Intel I350-T4V2 Ethernet Serve,5/17/2021,5/17/2021,5/7/2021,,,1,0,375,NS (SOH 5/17/2021),17,,00,
0016655_000001,SOLUTIO,0016655,Solution Systems Technologies ,000001,262500004270-00,THS5095 SEP8253 8231 1200W,5/4/2021,4/2/2021,7/20/2021,,,1,0,11250,"Best Date > 153500001026-01, ** 92-508231-037 UC, 26-004846-575, 263500001523-00, 264500001581-00, TS/DP WA 3/29 (SOH 5/4)",0,,00,
,,,,,,,,,,,,,,,,,,,
,,,,,,,,,,,,,,,,,,,
,,,,,,,,,,,,,,,,,,,
,,,,,,,,,,,,,,,,,,,
,,,,,,,,,,,,,,,,,,,
,,,,,,,,,,,,,,,,,,,
,,,,,,,,,,,,,,,,,,,
,,,,,,,,,,,,,,,,,,,
,,,,,,,,,,,,,,,,,,,
,,,,,,,,,,,,,,,,,,,
,,,,,,,,,,,,,,,,,,,
,,,,,,,,,,,,,,,,,,,
,,,,,,,,,,,,,,,,,,,
,,,,,,,,,,,,,,,,,,,
,,,,,,,,,,,,,,,,,,,
,,,,,,,,,,,,,,,,,,,
,,,,,,,,,,,,,,,,,,,
,,,,,,,,,,,,,,,,,,,
,,,,,,,,,,,,,,,,,,,
,,,,,,,,,,,,,,,,,,,
,,,,,,,,,,,,,,,,,,,
,,,,,,,,,,,,,,,,,,,
,,,,,,,,,,,,,,,,,,,
,,,,,,,,,,,,,,,,,,,
,,,,,,,,,,,,,,,,,,,
,,,,,,,,,,,,,,,,,,,
,,,,,,,,,,,,,,,,,,,
,,,,,,,,,,,,,,,,,,,
,,,,,,,,,,,,,,,,,,,
,,,,,,,,,,,,,,,,,,,
,,,,,,,,,,,,,,,,,,,
,,,,,,,,,,,,,,,,,,,
,,,,,,,,,,,,,,,,,,,
,,,,,,,,,,,,,,,,,,,
,,,,,,,,,,,,,,,,,,,
,,,,,,,,,,,,,,,,,,,
,,,,,,,,,,,,,,,,,,,
,,,,,,,,,,,,,,,,,,,
,,,,,,,,,,,,,,,,,,,
,,,,,,,,,,,,,,,,,,,
,,,,,,,,,,,,,,,,,,,
,,,,,,,,,,,,,,,,,,,
,,,,,,,,,,,,,,,,,,,
